{"cameraMode":{"drawMode":0,"name":"Shaded","section":"Shading Mode"},"sceneLighting":true,"audioPlay":false,"sceneViewState":{"showFog":true,"showMaterialUpdate":false,"showSkybox":true,"showFlares":true,"showImageEffects":true,"showParticleSystems":true},"in2DMode":false,"pivot":{"x":0.39979463815689089,"y":0.9100298881530762,"z":0.2321060746908188},"rotation":{"x":0.15913257002830506,"y":0.14953860640525819,"z":0.024378782138228418,"w":-0.9755818843841553},"size":3.2802860736846926,"orthographic":false}