{"cameraMode":{"drawMode":0,"name":"Shaded","section":"Shading Mode"},"sceneLighting":true,"audioPlay":false,"sceneViewState":{"showFog":true,"showMaterialUpdate":false,"showSkybox":true,"showFlares":true,"showImageEffects":true,"showParticleSystems":true},"in2DMode":false,"pivot":{"x":2.4861581325531008,"y":2.5295565128326418,"z":-5.815701484680176},"rotation":{"x":0.14070315659046174,"y":0.04634154215455055,"z":-0.006505595985800028,"w":0.9890314936637878},"size":0.12241417169570923,"orthographic":false}